"","Kappa Mean","Kappa SD"
"Species",0.120240241156131,0.0425828268691354
"Population",0.0326818059728856,0.0187788123605284
"Location",-0.0400882965650883,0.0192210406951747
"Species+Loc",0.00837943557627713,0.0229446118173724
